102,East Murray Area School,1182 East Murray Area School Road,Mindarie,5309,-34.815955,140.216073
104,Coromandel Valley Primary School,339 Main Road,Coromandel Valley,5051,-35.033562,138.626758
105,Glossop High School Senior Campus,36 Kay Avenue,Berri,5343,-34.284555,140.602515
106,Cowandilla Primary School,21 Jenkins Street,Cowandilla,5033,-34.934543,138.558874
107,Crafers Primary School,55 Piccadilly Road,Crafers,5152,-34.993387,138.71348
111,Crystal Brook Primary School,7 Mitchell Street,Crystal Brook,5523,-33.352948,138.213543
114,Curramulka Primary School,Sixth Street,Curramulka,5580,-34.695502,137.713697
116,Murray Bridge Special School,1 North Terrace,Murray Bridge,5253,-35.115681,139.269869
120,Gilles Street Primary School,91 Gilles Street,Adelaide,5000,-34.93449,138.604464
123,Echunga Primary School,802 Echunga Road,Echunga,5153,-35.097706,138.79085
124,Eden Hills Primary School,78 Wilpena Street,Eden Hills,5050,-35.020546,138.595317
126,Edithburgh Primary School,Giles Terrace,Edithburgh,5583,-35.080214,137.74404
127,Edwardstown Primary School,Maria Street,Melrose Park,5039,-34.978729,138.57801
128,Elliston Area School,,Elliston,5670,-33.644153,134.892451
131,Norwood Primary School,37 Osmond Terrace,Norwood,5067,-34.9224034,138.63167
135,Flinders Park Primary School,70 Holbrooks Road,Flinders Park,5025,-34.911103,138.54754
136,Lenswood Primary School,Adelaide-Lobethal Road,Lenswood,5240,-34.922274,138.823468
138,Frances Primary School,Bradley Avenue,Frances,5262,-36.708483,140.956465
139,Freeling Primary School,Coulls Street,Freeling,5372,-34.457881,138.811701
141,Gawler Primary School,School Road,Gawler,5118,-34.597541,138.740692
142,Evanston Gardens Primary School,71 Angle Vale Road,Evanston Gardens,5116,-34.623986,138.720025
144,Georgetown Primary School,41 School Road,Georgetown,5472,-33.363733,138.38608
145,Geranium Primary School,1-3 Geranium Terrace,Geranium,5301,-35.378728,140.160067
146,Gilles Plains Primary School,Beatty Avenue,Hillcrest,5086,-34.858157,138.651728
147,Gladstone Primary School,2 West Terrace,Gladstone,5473,-33.266137,138.350584
148,Glenburnie Primary School,36 Kromelite Road,Glenburnie,5291,-37.84041,140.863876
152,Glen Osmond Primary School,5 Fisher Street,Myrtle Bank,5064,-34.957051,138.637255
153,Glossop Primary School,Mitchell Terrace,Glossop,5344,-34.271342,140.524768
156,Goodwood Primary School,140 Goodwood Road,Goodwood,5034,-34.951434,138.588694
157,Goolwa Primary School,Gardiner Street,Goolwa,5214,-35.497553,138.780252
160,Greenock Primary School,Bevan Street,Greenock,5360,-34.459939,138.921793
162,Gumeracha Primary School,Albert Street,Gumeracha,5233,-34.824981,138.880956
163,Hahndorf Primary School,12 Church Street,Hahndorf,5245,-35.027625,138.810629
167,Hamley Bridge Primary School,13 Florence Street,Hamley Bridge,5401,-34.354549,138.684929
169,Rose Park Primary School,54 Alexandra Avenue,Rose Park,5067,-34.93161,138.628893
171,Happy Valley Primary School,18 Education Road,Happy Valley,5159,-35.087062,138.583603
175,Hawker Area School,Arkaba Street,Hawker,5434,-31.89042,138.427892
176,Heathfield Primary School,201 Longwood Road,Heathfield,5153,-35.03002,138.727311
177,Henley Beach Primary School,38 Hazel Terrace,Henley Beach South,5022,-34.929734,138.499429
179,North Adelaide Primary School,62-80 Tynte Street,North Adelaide,5006,-34.905096,138.597558
187,Houghton Primary School,1376 Lower North East Road,Houghton,5131,-34.831521,138.759129
194,Jervois Primary School,Rayson Street,Jervois,5259,-35.266177,139.437094
195,Youth Education Centre,Goldsborough Road,Cavan,5094,-34.828265,138.60253
197,Kalangadoo Primary School,48B Kangaroo Flat Road,Kalangadoo,5278,-37.564684,140.695568
198,Kangarilla Primary School,Main Road,Kangarilla,5157,-35.147815,138.659484
200,Kapunda Primary School,Mildred Street,Kapunda,5373,-34.337951,138.918029
202,Alberton Primary School,14 Broad Street,Queenstown,5014,-34.862675,138.51264
204,Kersbrook Primary School,Bowden Street,Kersbrook,5231,-34.782306,138.849719
205,Keyneton Primary School,,Keyneton,5353,-34.554333,139.1338
207,Kilkenny Primary School,Jane Street,West Croydon,5008,-34.890764,138.552731
209,Kingston on Murray Primary School,East Terrace,Kingston on Murray,5331,-34.222619,140.346866
210,Aldgate Primary School,3 Fairview Road,Aldgate,5154,-35.019502,138.748939
211,Kongorong Primary School,34 School Road,Kongorong,5291,-37.902241,140.560875
212,Koolunge Primary School,,Koolunga,5464,-33.580835,138.335026
214,Mid North Education Centre,David Street,Port Pirie,5540,-33.17503,138.005415
218,Eastern Fleur Langhorne Creek Campus,,Langhorne Creek,5255,-35.296945,139.035993
219,Largs Bay School,215 Fletcher Road,Largs Bay,5016,-34.823557,138.49427
220,Laura Primary School,East Terrace,Laura,5480,-33.187073,138.303714
221,Le Fevre Peninsula Primary School,Shorney Street,Birkenhead,5015,-34.840072,138.495412
222,Aldinga Beach R-7 School,Quinliven Road,Aldinga,5173,-35.268942,138.461849
223,Light Pass Primary School,395 Light Pass Road,Light Pass,5355,-34.46919,139.025019
225,Littlehampton Primary School,16-30 Baker Street,Littlehampton,5250,-35.049605,138.868025
227,Lobethal Primary School,1 School Road,Lobethal,5241,-34.90169,138.871723
230,Lock Area School,West Terrace,Lock,5633,-33.567909,135.753344
231,Lockleys Primary School,29 Elston Street,Brooklyn Park,5032,-34.930203,138.535095
235,Loveday Primary School,Hunt Road,Loveday,5345,-34.281907,140.42025
237,Lyndoch Primary School,Margaret Street,Lyndoch,5351,-34.60554,138.885678
239,Macclesfield Primary School,Luck Street,Macclesfield,5153,-35.171357,138.838503
241,Mallala Primary School,28 Owen Road,Mallala,5502,-34.434716,138.510526
242,Angaston Primary School,5 Moculta Road,Angaston,5353,-34.499092,139.050833
245,Manoora Primary School,3 Weymouth Street,Manoora,5414,-34.006284,138.814121
248,Marree Aboriginal School,First Street,Marree,5733,-29.649196,138.061033
249,Marryatville Primary School,Dankel Avenue,Kensington,5068,-34.924542,138.649185
250,McLaren Flat Primary School,49 Main Road,McLaren Flat,5171,-35.206109,138.587206
251,McLaren Vale Primary School,Caffrey Street,McLaren Vale,5171,-35.211634,138.531402
252,Meadows Primary School,Mawson Road,Meadows,5201,-35.180498,138.761924
253,Melrose Primary School,29 Stuart Street,Melrose,5483,-32.823832,138.187995
255,Angle Vale Primary School,Heaslip Road,Angle Vale,5117,-34.643388,138.647377
262,Eastern Fleurieu Milang Campus,Cnr Coxe & Rivers Streets,Milang,5256,-35.405862,138.973123
265,Mil Lel Primary School,465 Kennedy Avenue,Mil-Lel,5291,-37.781125,140.825631
269,Farrell Flat Primary School,Love Street,Farrell Flat,5416,-33.919182,138.719942
270,Mitcham Primary School,Hillview Road,Kingswood,5062,-34.972879,138.616131
272,Modbury School Preschool to Year 7,2-18 Golden Grove Road,Modbury North,5092,-34.825905,138.692227
274,Monash Primary School,22 Jackson Street,Monash,5342,-34.236306,140.559419
279,Moorak Primary School,171 Yells Road,Moorak,5291,-37.86465,140.736981
280,Moorook Primary School,Wachtel Rd,Moorook,5332,-34.276231,140.351142
282,Morgan Primary School,Fourth Street,Morgan,5320,-34.029492,139.670335
285,Mount Barker Primary School,2A Dumas Street,Mount Barker,5251,-35.067641,138.853522
288,Mount Burr Primary School,Thomas Drive,Mount Burr,5279,-37.54095,140.459314
289,Mount Compass Area School,School Road,Mount Compass,5210,-35.350201,138.619759
290,Reidy Park Primary School,O'Halloran Terrace,Mount Gambier,5290,-37.834544,140.771765
293,Mount Pleasant Primary School,22 Hospital Road,Mount Pleasant,5235,-34.774395,139.053867
,,,,,,
296,Mount Torrens Primary School,39 Prescott Street,Mount Torrens,5244,-34.872528,138.964449
297,Mundulla Primary School,,Mundulla,5270,-36.357628,140.693069
299,Murray Bridge North School,1 North Terrace,Murray Bridge,5253,-35.115804,139.269327
301,Mylor Primary School,220 Strathalbyn Road,Mylor,5153,-35.040969,138.760093
302,Mypolonga Primary School,,Mypolonga,5254,-35.040591,139.357523
303,Myponga Primary School,Hutchinson Street,Myponga,5202,-35.392694,138.464452
305,Nailsworth Primary School,2 Balfour Street,Nailsworth,5083,-34.88242,138.603752
306,Nairne Primary School,5 Saleyard Road,Nairne,5252,-35.03837,138.903539
308,Napperby Primary School,Oaks Road,Napperby,5540,-33.153603,138.11349
309,Naracoorte Primary School,Park Terrace,Naracoorte,5271,-36.951082,140.738119
313,Old Noarlunga Primary School,Malpas Street,Old Noarlunga,5168,-35.182997,138.500633
314,Northfield Primary School,North Avenue,Northfield,5085,-34.849012,138.61972
316,Norton Summit Primary School,15 Crescent Drive,Norton Summit,5136,-34.927695,138.728837
318,Nuriootpa Primary School,15 Buna Terrace,Nuriootpa,5355,-34.472908,139.001322
322,One Tree Hill Primary School,McGilp Road,One Tree Hill,5114,-34.713101,138.766547
323,Coorara Primary School,Taylors Avenue,Morphett Vale,5162,-35.131326,138.542009
324,Oodnadatta Aboriginal School,Kutaya Tce,Oodnadatta,5734,-27.548914,135.445834
325,Owen Primary School,Fourth Street,Owen,5460,-34.271796,138.542669
326,Palmer Primary School,Olive Grove Avenue,Palmer,5237,-34.853574,139.161721
327,Paracombe Primary School,4 Harvey Road,Paracombe,5132,-34.851674,138.781984
328,Parkside Primary School,12 Robsart Street,Parkside,5063,-34.944657,138.620087
329,Glossop High School Middle Campus,Old Sturt Highway,Glossop,5344,-34.274808,140.534942
336,Penneshaw Campus,Howard Drive,Penneshaw,5222,-35.720872,137.931836
337,Pennington Primary School,Butler Avenue,Pennington,5013,-34.857487,138.532493
338,Penong Primary School,,Penong,5690,-31.92861,133.005426
339,Peterborough Primary School,75 Bridges Street,Peterborough,5422,-32.971085,138.832375
340,Ascot Park Primary School,1-37 Pildappa Avenue,Park Holme,5043,-34.990774,138.554376
342,Eastern Fleurieu Ashbourne Campus,14 Ashbourne Road,Ashbourne,5157,-35.288765,138.765705
346,Plympton Primary School,19 Owen Street,Plympton,5038,-34.9612,138.556819
351,Poonindie Community Learning Centre,Hirschausen Road,Poonindie,5607,-34.580807,135.881095
352,Pooraka Primary School,11 South Terrace,Pooraka,5095,-34.833519,138.613108
355,Port Augusta West Primary School,46 Mildred Street,Port Augusta West,5700,-32.483205,137.754202
356,Port Elliot Primary School,4 Cameron Street,Port Elliot,5212,-35.530015,138.678278
357,Port Germein Primary School,Fifth Street,Port Germein,5495,-33.018198,137.999116
358,Port Kenny Primary School,Little Street,Port Kenny,5671,-33.165184,134.684419
359,Port Lincoln Primary School,Lincoln Place,Port Lincoln,5606,-34.723909,135.857158
361,Port Neill Primary School,,Port Neill,5604,-34.116548,136.342001
362,Port Noarlunga Primary School,10 James Avenue,Port Noarlunga,5167,-35.143859,138.473037
363,Port Pirie West Primary School,214 The Terrace,Port Pirie,5540,-33.181868,138.002596
365,Port Vincent Primary School,Minlacowie Road,Port Vincent,5581,-34.78159,137.859268
366,Port Wakefield Primary School,22 Mine Street,Port Wakefield,5550,-34.187379,138.149302
368,Prospect Primary School,27 Gladstone Road,Prospect,5082,-34.884916,138.59012
372,Ramco Primary School,,Ramco,5322,-34.169777,139.933102
375,Rendelsham Primary School,Nilsson Street,Rendelsham,5280,-37.551464,140.225149
376,Renmark Primary School,58 Murtho Street,Renmark,5341,-34.171145,140.739423
377,Renmark North Primary School,Warrego Street,Renmark North,5341,-34.126289,140.711409
378,Renmark West Primary School,Tarcoola Street,Renmark,5341,-34.166258,140.710394
379,Reynella Primary School,55-63 Concord Drive,Old Reynella,5161,-35.100928,138.537502
381,Richmond Primary School,8 Surrey Road,Keswick,5035,-34.943391,138.571798
383,Riverton Primary School,21 Swinden Street,Riverton,5412,-34.15606,138.744199
384,Robe Primary School,Union Street,Robe,5276,-37.16374,139.761657
385,Robertstown Primary School,Corey Street,Robertstown,5381,-33.98999,139.084262
387,Roseworthy Primary School,Gartrell Street,Roseworthy,5371,-34.53392,138.748218
389,Saddleworth Primary School,7 Saddle Road,Saddleworth,5413,-34.080565,138.783159
391,St Leonards Primary School,Jervois Street,Glenelg North,5045,-34.972261,138.519785
395,Sandy Creek Primary School,Davies Road,Cockatoo Valley,5351,-34.610068,138.829663
396,Scott Creek Primary School,519 Scott Creek Road,Scott Creek,5153,-35.056668,138.706377
397,Seaton Park Primary School,80 Balcombe Avenue,Seaton,5023,-34.895535,138.519943
406,Solomontown Primary School,79 Three Chain Road,Port Pirie,5540,-33.18994,138.019589
407,Spalding Primary School,Edgeware Avenue,Spalding,5454,-33.496312,138.611066
408,Springton Primary School,,Springton,5235,-34.706581,139.088713
411,Stansbury Primary School,North Terrace,Stansbury,5582,-34.907661,137.794614
413,Stirling East Primary School,51 Braeside Road,Stirling,5152,-35.002222,138.734746
418,Eastern Fleurieu Strath R-6 Campus,34 East Terrace,Strathalbyn,5255,-35.256204,138.898587
419,Athelstone School,8 Brookside Road,Athelstone,5076,-34.867631,138.699613
422,Suttontown Primary School,Pine Hall Avenue,Suttontown,5291,-37.797141,140.76955
423,Swan Reach Area School,,Swan Reach,5354,-34.571572,139.604009
424,Tailem Bend Primary School,1 Murray Street,Tailem Bend,5260,-35.259104,139.457249
425,Auburn Primary School,St Vincent Street,Auburn,5451,-34.026172,138.683695
426,Tantanoola Primary School,Randall Street,Tantanoola,5280,-37.698965,140.454535
427,Tanunda Primary School,Research Road,Tanunda,5352,-34.526253,138.959337
430,Tarlee Primary School,38-42 Craig Street,Tarlee,5411,-34.269925,138.772668
432,Tea Tree Gully Primary School,7-9 Neale Street,Tea Tree Gully,5091,-34.822942,138.727177
438,Tintinara Area School,37 Wendt Terrace,Tintinara,5266,-35.882498,140.060951
442,Truro Primary School,1 Burr Street,Truro,5356,-34.4112,139.12638
444,Two Wells Primary School,Gawler Road,Two Wells,5501,-34.591316,138.516996
446,Ungarra Primary School,Ashman Terrace,Ungarra,5607,-34.18083,136.047417
447,Unley Primary School,222 Wattle Street,Unley,5061,-34.953509,138.61001
448,Upper Sturt Primary School,118 Upper Sturt Road,Upper Sturt,5156,-35.018986,138.683375
449,Uraidla Primary School,17 Kidney Street,Uraidla,5142,-34.959029,138.743391
453,Victor Harbor R-7 School,The Parkway,Victor Harbor,5211,-35.540745,138.624353
455,Virginia Primary School,Park Road,Virginia,5120,-34.664481,138.555693
456,Waikerie Primary School,23 Coombe Terrace,Waikerie,5330,-34.181117,139.981115
457,Walkerville Primary School,159 Stephen Terrace,Walkerville,5081,-34.895194,138.613241
459,Wallaroo Primary School,Hughes Street,Wallaroo,5556,-33.932746,137.624271
460,Wallaroo Mines Primary School,Lipson Avenue,Kadina,5554,-33.965894,137.69872
467,Warooka Primary School,47 Main Street,Warooka,5577,-34.990788,137.399042
469,Wasleys Primary School,Annie Terrace,Wasleys,5400,-34.471428,138.680561
470,Watervale Primary School,27 Main North Road,Watervale,5452,-33.960982,138.644648
473,Allenby Gardens Primary School,Barham Street,Allenby Gardens,5009,-34.90181,138.554862
474,Trinity Gardens Primary School,160 Portrush Road,Trinity Gardens,5068,-34.907992,138.641783
475,Westbourne Park Primary School,2 Marlborough Road,Westbourne Park,5041,-34.969224,138.591941
476,Elizabeth Special School,24 Durrington Road,Elizabeth,5112,-34.710127,138.673359
477,Balaklava Primary School,Wallace Street,Balaklava,5461,-34.151438,138.416488
478,Whyalla Town Primary School,3-9 Walls Street,Whyalla,5600,-33.035531,137.583641
479,Memorial Oval Primary School,Bradford Street,Whyalla,5600,-33.033445,137.568711
482,Williamstown Primary School,15 Margaret Street,Williamstown,5351,-34.667928,138.890491
483,Wilmington Primary School,14 Fifth Street,Wilmington,5485,-32.651173,138.101868
486,Winkie Primary School,Winkie Road,Winkie,5343,-34.290735,140.54478
487,Wirrabara Primary School,East Terrace,Wirrabara,5481,-33.036284,138.273277
495,Woodside Primary School,23 Moffett Street,Woodside,5244,-34.952342,138.879672
497,Woodville Primary School,Evans Street,Woodville South,5011,-34.880569,138.532716
501,Yahl Primary School,10 Lange Road,Yahl,5291,-37.87919,140.831985
506,Barmera Primary School,1 Rumbold Drive,Barmera,5345,-34.25159,140.478058
509,Andamooka Primary School,,Andamooka,5722,-30.44907,137.167451
511,Basket Range Primary School,16 Cramond Road,Basket Range,5138,-34.938262,138.766577
519,Beachport Primary School,Golf Course Road,Beachport,5280,-37.475436,140.009715
524,Belair Primary School,45-83 Main Road,Belair,5052,-35.004748,138.625784
532,Berri Primary School,11 Sultana Street,Berri,5343,-34.279661,140.594112
533,Wynn Vale R-7 School,17-19 Sunnybrook Drive,Wynn Vale,5127,-34.800674,138.687256
536,Aberfoyle Hub R-7 School,29 Jeanette Crescent,Aberfoyle Park,5159,-35.078139,138.595142
537,Parafield Gardens R-7 School,23 Shepherdson Road,Parafield Gardens,5107,-34.785192,138.616383
547,Birdwood Primary School,Shannon Street,Birdwood,5234,-34.821057,138.960319
548,Black Forest Primary School,679 South Road,Black Forest,5035,-34.960471,138.573756
559,Whyalla Special School,Billing Street,Whyalla Playford,5600,-33.032,137.557014
563,Lake Wangary Primary School,Third Street,Wangary,5607,-34.550294,135.479343
565,Blackwood Primary School,4 Seymour Street,Eden Hills,5050,-35.024715,138.607738
570,Prospect North Primary School,30 Stuart Road,Prospect,5082,-34.874397,138.596495
571,Blanchetown Primary School,Godley Street,Blanchetown,5357,-34.35059,139.610574
574,Para Hills High School,90 Beafield Road,Para Hills West,5096,-34.799266,138.650711
583,Marden Senior College,1-37 Marden Road,Marden,5070,-34.891197,138.634517
586,Blyth Primary School,August Street,Blyth,5462,-33.843766,138.490696
592,Nangwarry Primary School,Whitford Crescent,Nangwarry,5277,-37.541463,140.818486
593,Padthaway Primary School,Vogelsang Road,Padthaway,5271,-36.593126,140.496854
596,Highbury Primary School,Cnr Honeysuckle Drive & Payne St,Hope Valley,5090,-34.848154,138.710133
600,Booborowie Primary School,South Terrace,Booborowie,5417,-33.56631,138.759777
605,Millicent North Primary School,Second Street,Millicent,5280,-37.592968,140.343376
625,Whyalla Stuart Campus R-7,Bastyan Crescent,Whyalla Stuart,5608,-33.026989,137.526132
632,Keller Road Primary School,Keller Road,Salisbury East,5109,-34.792341,138.656283
636,Bridgewater Primary School,46 Morella Grove,Bridgewater,5155,-35.004283,138.762749
637,Brighton Primary School,1 Highet Avenue,Brighton,5048,-35.015974,138.526228
638,Wirreanda High School,105 Richards Drive,Morphett Vale,5162,-35.127607,138.533815
640,Hallett Cove School,2-32 Gledsdale Road,Hallett Cove,5158,-35.075965,138.511116
641,Seaford 6-12 School,Lynton Terrace,Seaford,5169,-35.187173,138.482221
644,Yunta Rural School,Railway Terrace,Yunta,5440,-32.579123,139.562252
646,Brompton Primary School,Napier Street,Renown Park,5008,-34.893989,138.581272
647,Linden Park Primary School,14 Hay Road,Linden Park,5065,-34.9478,138.646019
649,Madison Park School,19 Lincoln Avenue,Salisbury East,5109,-34.783863,138.662355
650,Rapid Bay Primary School,Essington Lewis Drive,Rapid Bay,5204,-35.526676,138.193855
651,Parndana Campus,Wedgewood Road,Parndana,5220,-35.786767,137.263093
658,Forbes Primary School,80 Thomas Street,South Plympton,5038,-34.978139,138.557598
660,Enfield Primary School,Clarice Avenue,Enfield,5085,-34.865172,138.603431
664,Salisbury North R-7 School,38 Bagster Road,Salisbury North,5108,-34.753263,138.635426
665,Hillcrest Primary School,Condamine Street,Hillcrest,5086,-34.866383,138.638678
666,Darlington Primary School,9-11 White Crescent,Seacombe Gardens,5047,-35.027204,138.546916
668,Paringa Park Primary School,21 Bowker Street,North Brighton,5048,-35.002543,138.525628
670,Hendon Primary School,Cedar Avenue,Royal Park,5014,-34.878622,138.510533
677,Nicolson Avenue Primary School,Nicolson Avenue,Whyalla Norrie,5608,-33.028888,137.549699
678,Loxton North Primary School,Balfour-Ogilvy Road,Loxton North,5333,-34.413133,140.624328
679,Willsden Primary School,Elizabeth Terrace,Port Augusta,5700,-32.506303,137.780351
685,Risdon Park Primary School,Kingston Road,Port Pirie,5540,-33.203247,138.008071
688,Elizabeth South Primary School,Chive!! Street,Elizabeth South,5112,-34.73111,138.66211
689,Hampstead Primary School,38-56 Muller Road,Greenacres,5086,-34.870813,138.625981
699,Burnside Primary School,11 High Street,Burnside,5066,-34.935601,138.661574
702,Bute Primary School,Third Street,Bute,5560,-33.864926,138.003827
704,Cadell Primary School,414 Cadell Valley Road,Cadell,5321,-34.0565056,139.771731
705,Callington Primary School,North Terrace,Callington,5254,-35.114221,139.038981
714,Challa Gardens Primary School,Humphries Terrace,Kilkenny,5009,-34.877305,138.555678
719,Clare Primary School,137 Main North Road,Clare,5453,-33.840746,138.618052
720,Clarendon Primary School,Potter Road,Clarendon,5157,-35.110275,138.632175
721,Cobdogla Primary School,Dolan Street,Cobdogla,5346,-34.242439,140.406113
723,Colonel Light Gardens Primary School,Windsor Avenue,Colonel Light Gardens,5041,-34.986809,138.59544
724,Compton Primary School,13 Compton Hall Road,Suttontown,5291,-37.801357,140.728606
729,Coomandook Area School,,Coomandook,5261,-35.476023,139.70898
730,Coonalpyn Primary School,4 Coombe Terrace,Coonalpyn,5265,-35.698735,139.852091
731,Coorabie RS-Annexe of Penong PS,,Coorabie,5690,-31.8270052,132.308206
732,Ardrossan Area School,14 Second Street,Ardrossan,5571,-34.423756,137.91592
733,Bordertown Primary School,South Terrace,Bordertown,5268,-36.315105,140.765108
734,Ceduna Area School,6 May Crescent,Ceduna,5690,-32.137676,133.671396
735,Cowell Area School,42 Story Street,Cowell,5602,-33.682729,136.918442
736,Kimba Area School,69 West Terrace,Kimba,5641,-33.135605,136.419417
737,Kingston Community School,46 East Terrace,Kingston SE,5275,-36.836179,139.857605
740,Orroroo Area School,West Terrace,Orroroo,5431,-32.728505,138.612211
741,Port Broughton Area School,12 East Terrace,Port Broughton,5522,-33.604039,137.933111
742,Snowtown Primary School,31 Glen Davidson Drive,Snowtown,5520,-33.783548,138.221653
743,Tumby Bay Area School,West Terrace,Tumby Bay,5605,-34.37575,136.099182
744,Willunga Primary School,247 Main Road,Willunga,5172,-35.269384,138.552628
745,Streaky Bay Area School,109 Wells Street,Streaky Bay,5680,-32.798217,134.201213
746,Woomera Area School,Dewrang Avenue,Woomera,5720,-31.195174,136.826289
747,Cam brai Area School,Main Road,Cam brai,5353,-34.653408,139.280554
748,Leigh Creek Area School,Blackoak Drive,Leigh Creek,5731,-30.592696,138.401257
749,Lucindale Area School,14 Fairview Road,Lucindale,5272,-36.964206,140.370633
750,Meningie Area School,1 North Terrace,Meningie,5264,-35.682635,139.342158
751,Allendale East Area School,Bay Road,Allendale East,5291,-38.002461,140.711361
752,Brinkworth Primary School,Main Street,Brinkworth,5464,-33.687102,138.404569
753,Cleve Area School,Second Street,Cleve,5640,-33.699447,136.497984
754,Cummins Area School,McFarlane Street,Cummins,5631,-34.263297,135.722276
755,Eudunda Area School,2 Reserve Road,Eudunda,5374,-34.181155,139.091271
756,Karoonda Area School,North Terrace,Karoonda,5307,-35.092105,139.894702
757,Keith Area School,Tolmer Terrace,Keith,5267,-36.099661,140.351182
758,Kingscote Campus,5 Centenary Avenue,Kingscote,5223,-35.650387,137.633343
759,Lameroo Regional Community School,1 Bews Terrace,Lameroo,5302,-35.331434,140.522579
760,Loxton Primary School,Pyap Street,Loxton,5333,-34.451324,140.567155
761,Maitland Area School,Junction Road,Maitland,5573,-34.368261,137.673481
762,Oakbank Area School,154 Onkaparinga Valley Road,Oakbank,5243,-34.988726,138.837232
763,Penola Primary School,Riddoch Street,Penola,5277,-37.379147,140.833229
764,Pinnaroo Primary School,Bundey Terrace,Pinnaroo,5304,-35.255862,140.907922
765,Wudinna Area School,Medley Terrace,Wudinna,5652,-33.044573,135.462851
766,Yankalilla Area School,207 Main South Road,Yankalilla,5203,-35.453257,138.333062
767,Yorketown Area School,Stansbury Road,Yorketown,5576,-35.015376,137.615442
768,Adelaide High School,West Terrace,Adelaide,5000,-34.925733,138.586678
769,Balaklava High School,14 Gwy Terrace,Balaklava,5461,-34.1503,138.41511
770,Birdwood High School,Shannon Street,Birdwood,5234,-34.822129,138.957682
771,Booleroo Centre District School,79-81 Stephen Street,Booleroo Centre,5482,-32.877326,138.349525
773,Clare High School,Elliot Street,Clare,5453,-33.822384,138.596522
774,Gawler and District College B-12,Barnet Road,Evanston,5116,-34.619476,138.736184
775,Gladstone High School,Main North Road,Gladstone,5473,-33.275577,138.35211
776,Glossop High School,Old Sturt Highway,Glossop,5344,-34.274792,140.535354
777,Jamestown Community School,Humphris Terrace,Jamestown,5491,-33.204904,138.609566
778,Kadina Memorial School,5 Doswell Terrace,Kadina,5554,-33.95764,137.70896
779,Kapunda High School,West Terrace,Kapunda,5373,-34.332945,138.910495
780,Millicent High School,Mount Burr Road,Millicent,5280,-37.591479,140.359255
781,Minlaton District School,2 North Terrace,Minlaton,5575,-34.765873,137.593581
783,Mount Barker High School,2 Wellington Road,Mount Barker,5251,-35.074991,138.85705
784,Mount Gambier High School,Brownes Road,Mount Gambier,5290,-37.826147,140.765689
785,Murray Bridge High School,Lohmann Street,Murray Bridge,5253,-35.135051,139.285294
786,Naracoorte High School,Stewart Terrace,Naracoorte,5271,-36.948548,140.726873
787,Norwood Morialta High School,505 The Parade,Magill,5072,-34.917934,138.672196
788,Nuriootpa High School,Penrice Road,Nuriootpa,5355,-34.466434,139.000529
789,Peterborough High School,Queen Street,Peterborough,5422,-32.978852,138.836939
790,,3 Stirling Road,Port Augusta,5700,-32.493679,137.768693
,Port Augusta Secondary School,,,,,
791,Port Lincoln High School,Ruskin Road,Port Lincoln,5606,-34.723847,135.853942
792,John Pirie Secondary School,40 Mary Elie Street,Port Pirie,5540,-33.183024,138.010153
793,Quorn Area School,Stokes Road,Quorn,5433,-32.348904,138.036572
794,Renmark High School,Thurk Street,Renmark,5341,-34.172088,140.741263
795,Riverton and District High School,Oxford Terrace,Riverton,5412,-34.156173,138.749643
796,Eastern Fleurieu Strath 7-12 Campus,11 Callington Road,Strathalbyn,5255,-35.258179,138.903269
797,Unley High School,Kitchener Street,Netherby,5062,-34.970162,138.620336
798,Urrbrae Agricultural High School,505 Fullarton Road,Netherby,5062,-34.966994,138.621443
799,Victor Harbor High School,George Main Road,Victor Harbor,5211,-35.556148,138.611226
800,Waikerie High School,24 Blake Road,Waikerie,5330,-34.184584,139.973102
801,Woodville High School,11 Actil Avenue,Woodville,5011,-34.872943,138.540808
803,Brighton Secondary School,305 Brighton Road,North Brighton,5048,-35.003619,138.519676
805,Findon High School,Drummond Avenue,Findon,5023,-34.898332,138.526613
809,Henley High School,Cudmore Terrace,Henley Beach,5022,-34.923383,138.500356
810,Thebarton Senior College,40 Ashley Street,Torrensville,5031,-34.917275,138.562772
814,Le Fevre High School,90 Hart Street,Semaphore South,5019,-34.845622,138.484995
817,Marryatville High School,170 Kensington Road,Marryatville,5068,-34.9291,138.645443
822,Whyalla High School,Broadbent Terrace,Whyalla,5600,-33.038453,137.58087
823,Hamilton Secondary College,815 Marion Road,Mitchell Park,5043,-34.99837,138.560781
825,Elizabeth North Primary School,141 Woodford Road,Elizabeth North,5113,-34.703178,138.673909
842,Cavan Education Centre,1 Jonal Drive,Cavan,5094,-34.821668,138.600663
844,The Grove Education Centre,39 Leslie Street West,Woodville,5011,-34.873425,138.544354
845,Raukkan Aboriginal School,Taplin Street,Raukkan,5259,-35.508878,139.132846
846,Point Pearce Aboriginal School,Parrys Avenue,Point Pearce,5573,-34.415187,137.501269
849,Open Access College,1-37 Marden Road,Marden,5070,-34.89271,138.635942
892,Salisbury High School,14 Farley Grove,Salisbury North,5108,-34.755983,138.640772
893,Seaview High School,78-124 Seacombe Road,Seacombe Heights,5047,-35.030039,138.547313
894,Bordertown High School,South Terrace,Bordertown,5268,-36.313741,140.767724
895,Loxton High School,Bookpurnong Road,Loxton,5333,-34.443732,140.584808
897,Elizabeth Grove Primary School,20 Haynes Street,Elizabeth Grove,5112,-34.73233,138.669527
898,Klemzig Primary School,2 Hay Street,Klemzig,5087,-34.877176,138.637665
899,Kirton Point Primary School,Matthew Place,Port Lincoln,5606,-34.731891,135.868237
903,Mitcham Girls High School,Kyre Avenue,Kingswood,5062,-34.969865,138.610036
905,Blackwood High School,4 Seymour Street,Eden Hills,5050,-35.026849,138.605897
906,Windsor Gardens Vocational College,McKay Avenue,Windsor Gardens,5087,-34.860757,138.657925
907,William Light R-12 School,21A Errington Street,Plympton,5038,-34.964442,138.547829
908,Ocean View P-12 College,Gedville Road,Taperoo,5017,-34.803361,138.493484
909,Willunga High School,239 Main Road,Willunga,5172,-35.263056,138.555471
910,Fremont-Elizabeth City High School,Philip Highway,Elizabeth,5112,-34.723738,138.665902
911,Lockleys North Primary School,55 Malurus Avenue,Lockleys,5032,-34.920591,138.537668
913,Seacliff Primary School,Barwell Avenue,Seacliff,5049,-35.037266,138.523556
920,Coober Pedy Area School,Paxton Road,Coober Pedy,5723,-29.012377,134.751882
921,Christies Beach Primary School,46 Maturin Avenue,Christies Beach,5165,-35.138009,138.479076
923,Stradbroke School,73 Koonga Avenue,Rostrevor,5073,-34.893467,138.68405
925,Ingle Farm East Primary School,18 Halidon Street,Ingle Farm,5098,-34.833816,138.651885
926,Heathfield High School,99 Longwood Road,Heathfield,5153,-35.020536,138.712609
927,Glenunga International High School,99 L'Estrange Street,Glenunga,5064,-34.949336,138.635192
928,Grant High School,Hosking Avenue,Mount Gambier,5290,-37.84719,140.796014
931,Penola High School,43 Cameron Street,Penola,5277,-37.373662,140.843789
932,Clovelly Park Primary School,1 Renown Place,Clovelly Park,5042,-34.998429,138.565416
933,Warradale Primary School,Keynes Avenue,Warradale,5046,-35.004,138.537907
934,Fulham Gardens Primary School,Mitton Avenue,Henley Beach,5022,-34.912392,138.503289
935,Para Hills School P-7,2 Frances Avenue,Para Hills,5096,-34.812448,138.652114
936,Naracoorte South Primary School,Cedar Avenue,Naracoorte,5271,-36.97269,140.746742
938,Hincks Avenue Primary School,Schulz Avenue,Whyalla Norrie,5608,-33.018515,137.544825
941,Seaton High School,Glenburnie Street,Seaton,5023,-34.886112,138.505556
943,Elizabeth East Primary School,15 Dolphin Street,Elizabeth East,5112,-34.725069,138.677471
947,Elizabeth Downs Primary School,Heard Street,Elizabeth Downs,5113,-34.698589,138.694874
948,Elizabeth Park Primary School,15 Turner Road,Elizabeth Park,5113,-34.712939,138.684874
949,Elizabeth Vale Primary School,Rollison Road,Elizabeth Vale,5112,-34.745801,138.669262
950,Murray Bridge South Primary School,54 Joyce Street,Murray Bridge,5253,-35.132254,139.282374
952,Clapham Primary School,Barretts Road,Clapham,5062,-34.993358,138.603502
953,Mount Gambier North Primary School,Heath Street,Mount Gambier,5290,-37.81683,140.775534
957,Kangaroo Inn Area School,2329 Beachport-Penola Road,Kangaroo Inn,5280,-37.337684,140.244317
962,Riverland Special School,5 Loader Street,Berri,5343,-34.281701,140.604203
964,Modbury High School,62 Pompoota Road,Modbury,5092,-34.836789,138.697008
965,Underdale High School,19 Garden Terrace,Underdale,5032,-34.918948,138.544174
967,Vale Park Primary School,40-56 Ascot Avenue,Vale Park,5081,-34.885256,138.626323
968,Fisk Street Primary School,Pattinson Close,Whyalla Norrie,5608,-33.016958,137.533218
970,Newbery Park Primary School,Bridges Street,Millicent,5280,-37.608624,140.363491
971,East Torrens Primary School,12 Robson Road,Hectorville,5073,-34.889769,138.666119
972,Hawthorndene Primary School,Suffolk Road,Hawthorndene,5051,-35.020774,138.636088
973,Paradise Primary School,100 George Street,Paradise,5075,-34.870802,138.68457
975,Pasadena High School,Daws Road,Pasadena,5042,-34.993333,138.590102
976,Craigmore High School,2 Jamieson Road,Blakeview,5114,-34.69116,138.701176
980,Airdale Primary School,Anzac Road,Port Pirie,5540,-33.200564,137.99046
981,Carlton School,Rupert Street,Port Augusta,5700,-32.48769,137.776631
982,Dernancourt School R-7,29 Parsons Road,Dernancourt,5075,-34.861119,138.673464
983,Brahma Lodge Primary School,20 Mortess Street,Brahma Lodge,5109,-34.775528,138.650326
984,Seaview Downs Primary School,26-44 Ross Street,Seaview Downs,5049,-35.041379,138.536114
987,Mawson Lakes School,Garden Terrace,Mawson Lakes,5095,-34.809191,138.614357
990,Augusta Park Primary School,59 Power Crescent,Port Augusta,5700,-32.494983,137.784266
993,Marion Primary School,Malcolm Avenue,Marion,5043,-35.00386,138.555218
994,Wandana Primary School,2-12 Cowra Avenue,Gilles Plains,5086,-34.848907,138.661291
996,Kidman Park Primary School,1 Dean Avenue,Kidman Park,5025,-34.911672,138.523797
997,Kensington Centre,3 Shipsters Road,Kensington,5068,-34.921467,138.649627
999,Yalata Anangu School,,Yalata,5690,-31.508309,131.82595
1001,Amata Anangu School,,Amata,872,-26.152169,131.137746
1003,Koonibba Aboriginal School,Koonibba,Koonibba,5690,-31.902744,133.425975
1004,West Beach Primary School,3 Woodhead Street,West Beach,5024,-34.937821,138.508809
1008,Gawler East Primary School,Finch Road,Gawler East,5118,-34.598085,138.761294
1009,Oak Valley Aboriginal School,,Oak Valley,5690,-29.270173,130.800238
1011,Salisbury East High School,50 Smith Road,Salisbury East,5109,-34.775903,138.667185
1012,Para West Adult Campus,23 Crafter Street,Davoren Park,5113,-34.686988,138.66449
1013,Christies Beach HS & Sth Voc College,Morton Road,Christie Downs,5164,-35.136982,138.497694
1014,SA School for Vision Impaired,1B Duncan Avenue,Park Holme,5043,-34.990774,138.554376
1015,Banksia Park Primary School,1-5 Cottenham Road,Banksia Park,5091,-34.808854,138.72609
1017,Glenelg Primary School,Diagonal Road,Glenelg East,5045,-34.984862,138.521718
1018,Flagstaff Hill R-7 School,145 Black Road,Flagstaff Hill,5159,-35.049771,138.589633
1019,Christie Downs Primary School,Elizabeth Road,Christie Downs,5164,-35.13252,138.494457
1020,Melaleuca Park Primary School,Boandik Terrace,Mount Gambier,5290,-37.839912,140.794491
1021,McDonald Park School,57 North Terrace,Mount Gambier,5290,-37.825912,140.793059
1022,Grange Primary School,39C Jetty Street,Grange,5022,-34.903696,138.49717
1028,Charles Campbell College,3 Campbell Road,Paradise,5075,-34.87403,138.674133
1030,Edward John Eyre High School,Grundel Street,Whyalla Norrie,5608,-33.026208,137.540961
1034,Ernabella Anangu School,,Ernabella,872,-26.266359,132.14184
1036,East Adelaide School,57-59 Second Avenue,St Peters,5069,-34.9048,138.627596
1038,South Downs Primary School,Mavros Road,Elizabeth Downs,5113,-34.706102,138.685487
1041,Salisbury Primary School,10 Compuda Street,Salisbury,5108,-34.767152,138.647255
1043,East Marden Primary School,43 James Street,Campbelltown,5074,-34.881964,138.65353
1044,Reynella South Primary School,119-135 Sherriffs Road,Reynella,5161,-35.103462,138.524358
1045,Para Hills West Primary School,21 Balkara Road,Para Hills West,5096,-34.799894,138.653038
1047,Modbury South Primary School,Dampier Avenue,Hope Valley,5090,-34.839319,138.69719
1048,Para Vista Primary School,351 Montague Road,Para Vista,5093,-34.830231,138.663164
1051,Ridgehaven Primary School,479 Milne Road,Ridgehaven,5097,-34.818559,138.710323
1053,Hallett Cove East Primary School,Quailo Avenue,Hallett Cove,5158,-35.071138,138.517181
1054,Hallett Cove South Primary School,Livonia Street,Hallett Cove,5158,-35.08256,138.503926
1056,Woodend Primary School,Edward Beck Drive,Sheidow Park,5158,-35.079393,138.53383
1059,Pimpala Primary School,24 Vanstone Avenue,Morphett Vale,5162,-35.112846,138.530333
1060,O'Sullivan Beach Primary School,51 Galloway Road,O'Sullivan Beach,5166,-35.125417,138.479656
1062,Swallowcliffe School P-7,cnr Oldford St & Swallowcliffe Rd,Davoren Park,5113,-34.696671,138.662941
1063,Highgate School,12 Hampstead Avenue,Highgate,5063,-34.962788,138.622561
1066,Hackham East Primary School,Collins Parade,Hackham,5163,-35.140202,138.53528
1067,Hunifield Heights Primary School,78 Melsetter Road,Hunifield Heights,5163,-35.152857,138.517965
1068,Noarlunga Downs Primary School,Canterbury Crescent,Noarlunga Downs,5168,-35.150074,138.496349
1071,Moana Primary School,Schooner Road,Seaford,5169,-35.192128,138.474988
1090,Redwood Park Primary School,2-10 Lokan Street,Redwood Park,5097,-34.814868,138.700743
1091,St Agnes Primary School,250 Smart Road,St Agnes,5097,-34.831012,138.718284
1098,Lonsdale Heights Primary School,25 Sunningdale Drive,Christie Downs,5164,-35.124659,138.501235
1099,Paralowie School,Whites Road,Paralowie,5108,-34.753406,138.621394
1100,Surrey Downs R-7 School,16-24 Vine Street,Surrey Downs,5126,-34.800032,138.711462
1103,Fairview Park Primary School,Nepondi Court,Fairview Park,5126,-34.79778,138.731422
1117,Banksia Park International HS,610 Milne Road,Banksia Park,5091,-34.814401,138.726168
1121,Miltaburra Area School,3493 Miltaburra Road,Wirrulla,5661,-32.375617,134.33113
1123,Karcultaby Area School,,Karcultaby,5654,-32.760531,134.966099
1131,Hackham West R-7 School,50 Glynville Drive,Hackham West,5163,-35.144166,138.518017
1133,Long Street Primary School,Eyre Avenue,Whyalla Norrie,5608,-33.038921,137.533009
1134,East Para Primary School,12 Caroona Avenue,Para Hills,5096,-34.81765,138.666078
1135,Karrendi Primary School,15 Bradman Road,Parafield Gardens,5107,-34.790544,138.618502
1136,Bellevue Heights Primary School,7-19 Vaucluse Crescent,Bellevue Heights,5050,-35.028955,138.588869
1137,Parafield Gardens High School,15 Shepherdson Road,Parafield Gardens,5107,-34.786022,138.618914
1140,Salisbury Park Primary School,66 Goddard Drive,Salisbury Park,5109,-34.759701,138.668718
1142,Flaxmill School P-7,80 Flaxmill Road,Morphett Vale,5162,-35.127467,138.519246
1154,Thorndon Park Primary School,71 Stradbroke Road,Athelstone,5076,-34.884101,138.693245
1158,Lincoln Gardens Primary School,Barley Road,Port Lincoln,5606,-34.742145,135.847469
1162,Ingle Farm Primary School,2 Belalie Road,Ingle Farm,5098,-34.827631,138.643207
1163,Braeview School R-7,1A Montana Drive,Happy Valley,5159,-35.081009,138.554104
1166,Fulham North Primary School,Cheadle Street,Henley Beach,5022,-34.91956,138.505096
1170,Mannum Community College,Walker Avenue,Mannum,5238,-34.912544,139.303495
1174,Indulkana Anangu School,,Indulkana,872,-26.964511,133.30096
1177,Salisbury Heights Primary School,9 Ward Street,Salisbury Heights,5109,-34.758812,138.678136
1183,North Ingle School,7 Rothwell Avenue,Ingle Farm,5098,-34.819515,138.644612
1184,Valley View Secondary School,240 Wright Road,Para Vista,5093,-34.83428,138.656585
1188,Morphett Vale East School R-7,Monarch Street,Morphett Vale,5162,-35.121869,138.530944
1194,Salisbury Downs Primary School,39 Paramount Road,Salisbury Downs,5108,-34.771193,138.622667
1195,Stuart High School,Bastyan Crescent,Whyalla Stuart,5608,-33.015064,137.517105
1196,Fregon Anangu School,,Fregon,872,-26.771079,132.028877
1201,Gulfview Heights Primary School,39 Kiekebusch Road,Gulfview Heights,5096,-34.792078,138.668666
1203,Westport Primary School,53 West Street,Semaphore Park,5019,-34.855142,138.491357
1205,Woodville Gardens School B-7 Chn Ctr,Ridley Grove,Woodville Gardens,5012,-34.863319,138.55068
1206,Blair Athol North School B-7 Chn Ctr,Marmion Avenue,Blair Athol,5084,-34.853585,138.598933
1207,Seaford K-7 Birth-Y7 Campus,39 Jane Street,Port Noarlunga South,5167,-35.175541,138.471755
1209,Middle Campus - Norwood Morialta,Morialta Road West,Rostrevor,5073,-34.901635,138.676988
1210,Modbury West School,450-474 Wright Road,Modbury,5092,-34.833255,138.67648
1213,Magill School,Adelaide Street,Magill,5072,-34.913797,138.676799
1217,Glencoe Central Primary School,135 Kirrup Road,Glencoe,5291,-37.669641,140.594383
1226,Craigburn Primary School,15 Murrays Hill Road,Flagstaff Hill,5159,-35.056187,138.615495
1228,Felixstow Community School,5-11 Briar Road,Felixstow,5070,-34.891299,138.64422
1246,West Lakes Shore School R-7,Edwin Street,West Lakes Shore,5020,-34.863484,138.481851
1273,Pennington Junior Primary School,Harrison Road,Pennington,5013,-34.861655,138.532294
1277,Port Lincoln Junior Primary School,Adelaide Place,Port Lincoln,5606,-34.724303,135.857806
1285,Torrensville Primary School,Hayward Avenue,Torrensville,5031,-34.919368,138.556719
1364,Warriappendi School,1 John Street,Marleston,5033,-34.942677,138.570592
1372,Kilparrin Tch & Assessment Sch & Ser,1C Duncan Avenue,Park Holme,5043,-34.990774,138.554376
1375,North Haven School,Tapping Crescent,North Haven,5018,-34.790581,138.497559
1382,Fraser Park Primary School,25-27 Burdekin Avenue,Murray Bridge,5253,-35.140168,139.281358
1396,Flinders View Primary School,Chinnery Street,Port Augusta West,5700,-32.472921,137.753501
1399,Port Augusta Special School,Abernethy Avenue,Port Augusta,5700,-32.50664,137.779625
1405,Modbury Special School,Dampier Avenue,Hope Valley,5090,-34.841544,138.697476
1414,Adelaide West Special Education Ctr,12-20 Moldavia Walk,Taperoo,5017,-34.8012875,138.494269
1415,Errington Special Education Centre,87 Anzac Highway,Ashford,5035,-34.950523,138.574475
1418,Bowden Brompton Community School,85A Torrens Road,Brompton,5007,-34.895043,138.580071
1427,Riverdale Primary School,15 de Mille Street,Salisbury Downs,5108,-34.766448,138.613754
1430,The Heights School,Brunel Drive,Modbury Heights,5092,-34.81146,138.682448
1432,Burra Community School,7 Bridge Terrace,Burra,5417,-33.676848,138.93781
1449,Craigmore South Primary School,Turner Drive,Craigmore,5114,-34.709798,138.706953
1450,Renown Park Preschool,132 West Street,Brompton,5007,-34.895533,138.579755
1481,Stirling North Primary School,Beckman Street,Stirling North,5710,-32.513732,137.837712
1482,Munno Para Primary School,Maltarra Road,Munno Para,5115,-34.669727,138.699713
1488,Moonta Area School,Blanche Terrace,Moonta,5558,-34.07044,137.591704
1526,Pipalyatjara Anangu School,,Pipalyatjara,872,-26.1662,129.169979
1527,Mimili Anangu School,,Mimili,872,-27.015879,132.714987
1537,Sheidow Park Primary School,21-43 Adams Road,Sheidow Park,5158,-35.071074,138.533052
1539,Mount Barker South Primary School,33-45 Princes Road,Mount Barker,5251,-35.080093,138.859874
1540,Ardtornish Primary School,2 Saarinen Avenue,St Agnes,5097,-34.833595,138.704599
1555,Alberton Preschool,14 Broad Street,Queenstown,5014,-34.862686,138.512656
1556,Amata Preschool,,Amata,872,-26.152169,131.137746
1570,Echunga Child Parent Centre,802 Echunga Road,Echunga,5153,-35.097706,138.79085
1571,Elizabeth Downs Child Parent Centre,Heard Street,Elizabeth Downs,5113,-34.698977,138.694605
1574,Swallowcliffe Preschool,cnr Oldford St & Swallowcliffe Rd,Davoren Park,5113,-34.69719,138.664287
1579,Fraser Park Child Parent Centre,25-27 Burdekin Avenue,Murray Bridge,5253,-35.140639,139.281692
1580,Fregon Child Parent Centre,,Fregon,872,-26.771091,132.028917
1599,Modbury South Preschool,Dampier Avenue,Hope Valley,5090,-34.83988,138.696634
1612,Point Pearce Child Parent Centre,Parrys Avenue,Point Pearce,5573,-34.440523,137.50862
1620,St Agnes Preschool,250 Smart Road,St Agnes,5097,-34.831106,138.718371
1622,Tantanoola Preschool,Randall Street,Tantanoola,5280,-37.698699,140.454088
1624,Tintinara Preschool,37 Wendt Terrace,Tintinara,5266,-35.883076,140.06243
1625,Trinity Gardens Children's Centre,160 Portrush Road,Trinity Gardens,5068,-34.90918,138.640595
1626,Virginia Preschool,Park Road,Virginia,5120,-34.665004,138.556484
1628,Williamstown School-Based Preschool,15 Margaret Street,Williamstown,5351,-34.667801,138.890401
1630,Padthaway Child Parent Centre,Vogelsang Road,Padthaway,5271,-36.593079,140.496907
1631,Redwood Park Child Parent Centre,2-10 Lokan Street,Redwood Park,5097,-34.815317,138.701731
1634,North Ingle Preschool,7 Rothwell Avenue,Ingle Farm,5098,-34.818994,138.645728
1645,Gordon Education Centre,18 Brownes Road,Mount Gambier,5290,-37.825123,140.768224
1650,Mulga Street Primary School,Mulga Street,Mount Gambier,5290,-37.811585,140.759668
1664,Thiele Primary School,2 Campus Drive,Aberfoyle Park,5159,-35.066587,138.594817
1672,OAC Port Augusta School of the Air,59 Power Crescent,Port Augusta,5700,-32.494682,137.783814
1673,Aberfoyle Park High School,Taylors Road East,Aberfoyle Park,5159,-35.074007,138.594181
1683,Hahndorf Preschool,12 Church Street,Hahndorf,5245,-35.027171,138.810771
1685,Kangaroo Inn Preschool,2329 Beachport-Penola Road,Kangaroo Inn,5280,-37.337684,140.244317
1686,Adelaide Secondary School of English,253 Torrens Road,West Croydon,5008,-34.886834,138.565419
1696,Kenmore Park Anangu School,,Kenmore Park,872,-26.335118,132.456594
1698,Mount Gambier Children's Centre,Mulga Street,Mount Gambier,5290,-37.811741,140.760307
1716,Challa Gardens Child Parent Centre,Humphries Terrace,Kilkenny,5009,-34.877819,138.554485
1732,Elizabeth North Preschool,141 Woodford Road,Elizabeth North,5113,-34.703667,138.674651
1734,Mallala Preschool,28 Owen Road,Mallala,5502,-34.434403,138.510525
1776,Woodcroft Primary School,1-23 Investigator Drive,Woodcroft,5162,-35.10505,138.556331
1777,The Pines School,42 Andrew Smith Drive,Parafield Gardens,5107,-34.773316,138.607722
1782,East Murray Preschool,1182 East Murray Area School Road,Mindarie,5309,-34.815955,140.216073
1783,Flinders View Child Parent Centre,Chinnery Street,Port Augusta West,5700,-32.472765,137.754341
1784,Freeling Preschool,Coulls Street,Freeling,5372,-34.457776,138.810725
1785,One Tree Hill Preschool,McGilp Road,One Tree Hill,5114,-34.713577,138.766457
1786,Renmark North Preschool,Warrego Street,Renmark North,5341,-34.126424,140.711668
1787,Warooka Child Parent Centre,47 Main Street,Warooka,5577,-34.990339,137.398998
1789,The Pines Child Parent Centre,42 Andrew Smith Drive,Parafield Gardens,5107,-34.772737,138.607689
1792,Kaurna Plains School,Ridley Road,Elizabeth,5112,-34.725684,138.66456
1794,Mintabie Area School,Airport Road,Mintabie,5724,-27.315532,133.290422
1800,Australian Science & Mathematics Sch,Sturt Road,Bedford Park,5042,-35.025081,138.573489
1801,Port Lincoln Special School,Barley Road,Port Lincoln,5606,-34.741941,135.846117
1817,Roxby Downs Area School,7 Richardson Place,Roxby Downs,5725,-30.560299,136.897084
1834,Golden Grove High School,1 Adey Place,Golden Grove,5125,-34.792874,138.696789
1844,Burton Primary School,49A Kensington Way,Burton,5110,-34.741477,138.597764
1847,Keithcot Farm Primary School,5 Keithcot Farm Drive,Wynn Vale,5127,-34.800122,138.677195
1848,Golden Grove Primary School,140 Bicentennial Drive,Golden Grove,5125,-34.786314,138.70893
1851,Settlers Farm Campus R-7,23 Barassi Street,Paralowie,5108,-34.756756,138.595629
1854,Blakeview Primary School,Omega Drive,Blakeview,5114,-34.687892,138.699485
1855,Seaford Rise Primary School,Grand Boulevard,Seaford Rise,5169,-35.199247,138.487561
1858,Greenwith Primary School,1500 Golden Grove Road,Greenwith,5125,-34.77021,138.720617
1859,Murputja Anangu School,,Murputja Homelands,872,-26.169971,130.184842
1876,Hewett Primary School,Lot 6 Kingfisher Drive,Hewett,5118,-34.575404,138.751078
1878,Murputja Child Parent Centre,,Murputja Homelands,872,-26.169974,130.18481
1879,Playford Primary School,216-220 Adams Road,Craigmore,5114,-34.689693,138.713031
1881,Sturt Street Community School,221-239 Sturt Street,Adelaide,5000,-34.933817,138.590211
1882,Kangaroo Island Community Education,5 Centenary Avenue,Kingscote,5223,-35.6512258,137.633251
1884,Eastern Fleurieu R-12 School,11 Callington Road,Strathalbyn,5255,-35.258179,138.903269
1886,Senior Campus - Norwood,505 The Parade,Magill,5072,-34.918267,138.67227
1888,Bowden Brompton CS Torrens Road Cmps,85A Torrens Road,Brompton,5007,-34.895043,138.580071
1889,Bowden Brompton CS Southern Campus,181 Beach Road,Christies Beach,5165,-35.137356,138.492056
1890,Bowden Brompton CS Northern Middle S,55 Downton Avenue,Salisbury North,5108,-34.753533,138.635553
1900,Mark Oliphant College (B-12),Newton Boulevard,Munno Para West,5115,-34.665475,138.683575
1901,John Hartley School (B-7),199 Peachey Road,Smithfield Plains,5114,-34.6802389,138.673647
1902,Roma Mitchell Secondary College,"Sports Park, Briens Road",Gepps Cross,5094,-34.843058,138.618235
1903,Blair Athol North School B-7,15 Marmion Avenue,Blair Athol,5084,-34.853585,138.598933
1904,Woodville Gardens School B-7,Ridley Grove,Woodville Gardens,5012,-34.863319,138.55068
1906,Morphett Vale Primary School,Lawrence Street,Morphett Vale,5162,-35.107646,138.514521
1907,Reynella East College,63 Malbeck Drive,Reynella East,5161,-35.090666,138.556465
1908,Lake Windemere CPC-7 School,17 Uraidla Avenue,Salisbury North,5108,-34.740607,138.620474
1581,Gerard/Winkie Preschool,Winkie Road,Winkie,5343,-34.290805,140.544561
1582,Gilles Plains Children's Centre,Beatty Avenue,Hillcrest,5086,-34.858428,138.651763
1583,Goodwood Preschool,140 Goodwood Road,Goodwood,5034,-34.951565,138.589328
1584,Hallett Cove South Preschool,Livonia Street,Hallett Cove,5158,-35.082601,138.50398
1585,Hendon Preschool,Cedar Avenue,Royal Park,5014,-34.877025,138.511238
1586,Indulkana Child Parent Centre,,Indulkana,872,-26.964511,133.30096
1589,Karoonda Preschool,North Terrace,Karoonda,5307,-35.092228,139.893738
1592,Kilkenny Preschool,Jane Street,West Croydon,5008,-34.891098,138.553319
1593,Kongorong Child Parent Centre,34 School Road,Kongorong,5291,-37.902252,140.56142
1594,Koonibba Child Parent Centre,Koonibba,Koonibba,5690,-31.902744,133.425975
1595,Lonsdale Heights Preschool,25 Sunningdale Drive,Christie Downs,5164,-35.124884,138.501876
1597,Marree Preschool,First Street,Marree,5733,-29.649173,138.061074
1598,Modbury Child Parent Centre,2-18 Golden Grove Road,Modbury North,5092,-34.825797,138.692386
1600,The Heights Preschool,Brunel Drive,Modbury Heights,5092,-34.810509,138.683278
1601,Moorak Child Parent Centre,171 Yells Road,Moorak,5291,-37.864757,140.736898
1602,Mount Burr Child Parent Centre,Thomas Drive,Mount Burr,5279,-37.541435,140.458885
1604,Nairne Child Parent Centre,5 Saleyard Road,Nairne,5252,-35.03837,138.903539
1605,Nangwarry Child Parent Centre,Whitford Crescent,Nangwarry,5277,-37.541539,140.818169
1607,Oodnadatta Child Parent Centre,Kutaya Tce,Oodnadatta,5734,-27.54809,135.445794
1608,Para Hills Child Parent Centre,26 Wilkinson Road,Para Hills,5096,-34.812141,138.651277
1609,Para Vista Child Parent Centre,351 Montague Road,Para Vista,5093,-34.830072,138.662358
1610,KICE - Parndana Campus Preschool,Wedgewood Road,Parndana,5220,-35.786827,137.263281
1611,Raukkan Child Parent Centre,Taplin Street,Raukkan,5259,-35.508878,139.132846
1615,Reynella South Preschool,119-135 Sherriffs Road,Reynella,5161,-35.104138,138.524655
1617,Ridgehaven Child Parent Centre,479 Milne Road,Ridgehaven,5097,-34.816874,138.710125
1619,Westport Preschool,53 West Street,Semaphore Park,5019,-34.854601,138.490559
1621,Wandana Child Parent Centre,2-12 Cowra Avenue,Gilles Plains,5086,-34.849337,138.66173
1629,Yalata Child Parent Centre,,Yalata,5690,-31.508231,131.855273
1647,Allenby Gardens Child Parent Centre,Barham Street,Allenby Gardens,5009,-34.902216,138.554414
1655,Reynella East Preschool,63 Malbeck Drive,Reynella East,5161,-35.090786,138.555426
1715,Hunifield Heights CPC,78 Melsetter Road,Hunifield Heights,5163,-35.154545,138.518125
1778,Northfield Child Parent Centre,North Avenue,Northfield,5085,-34.848938,138.620003
1790,Pipalyatjara Anangu Preschool,,Pipalyatjara,872,-26.1662,129.169979
1798,Ernabella Anangu Child Parent Centre,,Ernabella,872,-26.266359,132.14184
1829,Littlehampton Preschool,16-30 Baker Street,Littlehampton,5250,-35.049228,138.868164
1830,Houghton Preschool,1376 Lower North East Road,Houghton,5131,-34.831013,138.758898
1838,Kenmore Park Child Parent Centre,,Kenmore Park,872,-26.3352,132.456896
1839,Wynn Vale Child Parent Centre,17-19 Sunnybrook Drive,Wynn Vale,5127,-34.800685,138.687269
1841,Oak Valley Aboriginal School CPC,,Oak Valley,5690,-29.270353,130.800256
1856,Mimili Child Parent Centre,,Mimili,872,-27.010811,132.722704
2601,Angaston Kindergarten,16 Newcastle Street,Angaston,5353,-34.502708,139.048155
2604,Brahma Lodge Kindergarten Inc,64 The Strand,Brahma Lodge,5109,-34.777876,138.65488
2608,Craigmore Kindergarten,2 Carinya Street,Craigmore,5114,-34.706201,138.704829
2610,Dorothy Hughes Kindergarten,Rolleston Ave,Salisbury North,5108,-34.753559,138.631302
2612,Elizabeth East Kindergarten,90 Hornet Crescent,Elizabeth East,5112,-34.724673,138.679531
2614,Elizabeth Grove Children's Centre,20 Haynes Street,Elizabeth Grove,5112,-34.734272,138.668588
2621,Kaurna Plains Children's Centre,Ridley Road,Elizabeth,5112,-34.725684,138.66456
2622,Elsie Ey Kindergarten,23 Kingfisher Drive,Hewett,5118,-34.577223,138.7496
2624,Gawler & Dist College B-12 Chn Ctr,Barnet Road,Evanston,5116,-34.619476,138.736184
2625,Riverview Preschool Centre,44-48 Riverview Drive,Salisbury Downs,5108,-34.767584,138.614059
2627,Angle Vale Preschool,45 Fradd Road,Angle Vale,5117,-34.643884,138.648599
2629,Hamley Bridge Kindergarten,Recreation Park,Hamley Bridge,5401,-34.353453,138.68144
2630,Ingle Farm Children's Centre,2 Belalie Road,Ingle Farm,5098,-34.831112,138.644273
2633,Kapunda Kindergarten,Beck Street,Kapunda,5373,-34.339059,138.912873
2635,Andrews Farm Community Preschool,Lot 31 President Avenue,Andrews Farm,5114,-34.672113,138.666505
2636,Lantana Kindergarten,45 Lantana Drive,Parafield Gardens,5107,-34.788648,138.606346
2638,Liberman Kindergarten,41 Liberman Road,Para Hills,5096,-34.80572,138.65716
2639,Salisbury Downs Preschool Centre,12 Donegal Street,Salisbury Downs,5108,-34.776852,138.624938
2640,Madison Park Kindergarten,29 Piccadilly Road,Salisbury East,5109,-34.779275,138.670525
2642,Manor Farm Kindergarten,32 Melville Road,Salisbury East,5109,-34.791687,138.658213
2645,Munno Para Kindergarten,14 Karinga Crescent,Munno Para,5115,-34.671817,138.6971
2651,Para Hills West Preschool,69 Kesters Road,Para Hills West,5096,-34.804501,138.644971
2653,Eudunda Community Preschool,Morgan Road,Eudunda,5374,-34.180855,139.09133
2654,Parafield Gardens Children's Centre,9 Casuarina Drive,Parafield Gardens,5107,-34.785192,138.616383
2655,Paralowie Kindergarten,13 Yalumba Drive,Paralowie,5108,-34.757277,138.620671
2656,Pooraka Community Kindergarten,14 McCarthy Court,Pooraka,5095,-34.82926,138.621747
2667,Salisbury Kindergarten,12 Ann Street,Salisbury,5108,-34.763161,138.648715
2668,Salisbury Park Kindergarten,5 Wildwood Drive,Salisbury Park,5109,-34.760632,138.670505
2670,Salisbury Heights Preschool,5-9 Stanford Road,Salisbury Heights,5109,-34.764323,138.680848
2672,Sir Thomas Playford Kindergarten,136 Goodman Road,Elizabeth South,5112,-34.733829,138.658038
2673,Smithfield Plains Kindergarten,1 Bald Street,Smithfield Plains,5114,-34.676123,138.678726
2675,Tanunda Kindergarten Association,MacDonnell Street,Tanunda,5352,-34.525203,138.960786
2676,Two Wells Community Children's Ctr,27A Gawler Road,Two Wells,5501,-34.593771,138.51368
2677,Valley View Kindergarten,Geoffrey Avenue,Valley View,5093,-34.842462,138.65415
2686,Minlaton District Early Learning Ctr,1 West Terrace,Minlaton,5575,-34.769286,137.592575
2691,Gawler East Preschool Centre,Finch Road,Gawler,5118,-34.597384,138.76217
2692,Lyndoch Valley Family Centre,8 William Street,Lyndoch,5351,-34.60431,138.885491
2693,Settlers Farm Campus Kindergarten,2 Du Villars Street,Paralowie,5108,-34.755874,138.594776
2694,Burton Park Preschool,Brookfield Avenue,Burton,5110,-34.741477,138.597764
2696,Adams Road Children's Centre,33 Adams Road,Craigmore,5114,-34.688119,138.711775
2697,Blakeview Preschool,Omega Drive,Blakeview,5114,-34.687725,138.700427
2907,Robertstown Preschool,Corey Street,Robertstown,5381,-33.989391,139.08385
3601,The Hub Preschool - Taylors Road,36 Taylors Road,Aberfoyle Park,5159,-35.073909,138.58757
3602,Aberfoyle Park Campus Preschool,11 Budapest Road,Aberfoyle Park,5159,-35.06446,138.602399
3603,Aldinga Community Kindergarten,63 Butterworth Road,Aldinga Beach,5173,-35.273947,138.452876
3604,Hallett Cove Preschool,15 Zwerner Drive,Hallett Cove,5158,-35.075678,138.517799
3605,Morphett Vale East Kindergarten,1 Archer Court,Morphett Vale,5162,-35.120468,138.531839
3606,Ascot Park Kindergarten,630 Marion Road,Park Holme,5043,-34.986281,138.556092
3607,Noarlunga Downs Preschool,Canterbury Crescent,Noarlunga Downs,5168,-35.150168,138.49621
3608,Ballara Park Kindergarten,9 Ormonde Avenue,Warradale,5046,-35.006449,138.535292
3610,Bains Road Preschool,10 Gum Court,Morphett Vale,5162,-35.114397,138.542368
3612,Brentwood Drive Kindergarten,79 Brentwood Drive,Hunifield Heights,5163,-35.150572,138.506776
3615,Chandlers Hill Kindergarten,2 Education Road,Happy Valley,5159,-35.086724,138.584125
3616,Christie Downs Kindergarten,14 Charles Street,Christie Downs,5164,-35.131159,138.491504
3617,Christies North Kindergarten,27 Shepherd Road,Christies Beach,5165,-35.131683,138.482217
3618,Seaford Rise Children's Centre,178 Grand Boulevard,Seaford Rise,5169,-35.200073,138.487121
3620,Clarendon Kindergarten,82 Grants Gully Road,Clarendon,5157,-35.110415,138.632103
3621,Coorara Preschool Centre,22 Matison Road,Morphett Vale,5162,-35.131005,138.541037
3622,Coromandel Valley Kindergarten,9 Sean Court,Coromandel Valley,5051,-35.049064,138.622124
3624,Darlington Kindergarten,12A Kurrajong Place,Seacombe Gardens,5047,-35.026403,138.547363
3625,Woodcroft Heights Children's Centre,25 Investigator Drive,Woodcroft,5162,-35.106587,138.556962
3627,Yankalilla Community Children's Ctr,208-210 Main South Road,Yankalilla,5203,-35.453957,138.332073
3629,Flagstaff Hill Kindergarten,15 Renwick Street,Flagstaff Hill,5159,-35.047091,138.581218
3630,Flagstaff Oval Kindergarten,York Drive,Flagstaff Hill,5159,-35.052648,138.596644
3632,Frieda Corpe Community Kindergarten,42 Benny Avenue,Port Noarlunga,5167,-35.144175,138.471406
3635,Goolwa Children's Centre,Brooking Street,Goolwa,5214,-35.497832,138.782318
3636,Hackham East Kindergarten,Arnold Drive,Hackham,5163,-35.138206,138.533233
3638,Hackham West Children's Centre,9 Vintners Walk,Hackham West,5163,-35.145281,138.519023
3640,Happy Valley Kindergarten,12B Regency Road,Happy Valley,5159,-35.088255,138.564645
3641,Forbes Children's Centre,80 Thomas Street,South Plympton,5038,-34.978139,138.557598
3645,Hallett Cove Karrara Kindergarten,45 Barramundi Drive,Hallett Cove,5158,-35.068215,138.518385
3647,Madge Sexton Kindergarten,249 Main Road,McLaren Vale,5171,-35.21939,138.541095
3649,Mary Bywaters Memorial Kindergarten,54 Corn Street,Reynella,5161,-35.090203,138.542753
3654,Mitchell Park Kindergarten,Lanark Avenue,Mitchell Park,5043,-35.01215,138.564923
3657,Morphett Vale Preschool Kindergarten,20 Venning Street,Morphett Vale,5162,-35.113537,138.52437
3661,Mount Compass Preschool Centre,Oval Road,Mount Compass,5210,-35.349594,138.618858
3664,O'Halloran Hill Kindergarten,Wren Street,O'Halloran Hill,5158,-35.065802,138.556211
3665,O'Sullivan Beach Children's Centre,51A Galloway Road,O'Sullivan Beach,5166,-35.124449,138.48123
3666,Oaklands Estate Kindergarten,16 Pethick Terrace,Marion,5043,-34.997541,138.550359
3674,Reynella South Kindergarten,28 Thames Drive,Reynella,5161,-35.099207,138.527824
3683,Seaford K-7 Campus Preschool,39 Jane Street,Port Noarlunga South,5167,-35.175841,138.472256
3684,Seaview Downs Kindergarten,5A Hume Street,Seaview Downs,5049,-35.031413,138.535099
3686,Trott Park Kindergarten,8 Hessing Crescent,Trott Park,5158,-35.070451,138.538428
3687,Morphett Vale Primary Sch-Preschool,Lawrence Street,Morphett Vale,5162,-35.107646,138.514521
3688,Strathalbyn Kindergarten,9 Coronation Road,Strathalbyn,5255,-35.260713,138.886856
3689,Woodend Children's Centre,20 Bathbank Crescent,Sheidow Park,5158,-35.080114,138.53526
3690,Moana Kindergarten,Schooner Road,Seaford,5169,-35.191544,138.47426
3695,Plympton South Kindergarten,13 Yapinga Street,South Plympton,5038,-34.969961,138.561157
3696,Victor Harbor Community Kindergarten,1 Oval Street,Victor Harbor,5211,-35.556983,138.615636
3697,Port Elliot Kindergarten,5 Wright Street,Port Elliot,5212,-35.529976,138.678196
3698,Warradale Kindergarten,Cnr Cairns Ave & Wyndham St,Warradale,5046,-35.016098,138.537378
3699,Willunga Preschool,Station Road,Willunga,5172,-35.270268,138.551092
4161,Sturt Street Children's Centre,221-239 Sturt Street,Adelaide,5000,-34.933817,138.590211
4162,Kilparrin Early Learning Centre,1C Duncan Avenue,Park Holme,5043,-35.010896,138.518487
4163,Mawson Lakes Preschool,Garden Terrace,Mawson Lakes,5095,-34.809167,138.614386
4164,Port Lincoln Children's Centre,80 St Andrews Terrace,Port Lincoln,5606,-34.733503,135.868024
4601,Agnes Goode Kindergarten Inc,7 Cornish Street,Stepney,5069,-34.910867,138.627534
4602,Aldgate Kindergarten Inc,3 Fairview Road,Aldgate,5154,-35.014889,138.734462
4603,Athelstone Preschool,338 Gorge Road,Athelstone,5076,-34.869904,138.703591
4604,Banksia Park Kindergarten,Spring Crescent,Banksia Park,5091,-34.809319,138.727278
4606,Bridgewater Kindergarten Inc,87 Onkaparinga Road,Bridgewater,5155,-35.008727,138.775293
4607,Bertram Hawker Kindergarten,7 Wooltana Avenue,Myrtle Bank,5064,-34.957621,138.635231
4608,Blackwood Kindergarten,11 Brigalow Avenue,Blackwood,5051,-35.024634,138.617131
4609,it nido Children's Centre,22 Campbell Road,Paradise,5075,-34.874013,138.672412
4610,Wattle Park Kindergarten,2a Yeltana Avenue,Wattle Park,5066,-34.925495,138.675311
4611,Clarence Gardens Kindergarten,45 Dinwoodie Avenue,Clarence Gardens,5039,-34.96986,138.580532
1404,Lake Windemere School CPC,17 Uraidla Avenue,Salisbury North,5108,-34.740607,138.620474
1406,Watarru Anangu Preschool,,Pipalyatjara,872,-27.0229361,129.902558
1417,The Briars Special ELC,5 Briar Road,Felixstow,5070,-34.892508,138.644305
1423,John Hartley Sch B-7 Children's Cent,199 Peachey Road,Smithfield Plains,5114,-34.6802389,138.673647
1448,Mark Oliphant College (B-12) Chn Ctr,Newton Boulevard,Munno Para West,5115,-34.665475,138.683575
1557,Andamooka Child Parent Centre,,Andamooka,5722,-30.450885,137.167482
1559,Beachport Preschool,Golf Course Road,Beachport,5280,-37.475436,140.009715
1561,Napperby Preschool,Oaks Road,Napperby,5540,-33.153622,138.113946
1563,Campbelltown Preschool,163A Montacute Road,Newton,5074,-34.887647,138.677366
1564,Cambrai Preschool,Main Road,Cambrai,5353,-34.652367,139.281378
1566,Coober Pedy Child Parent Centre,Paxton Road,Coober Pedy,5723,-29.012508,134.752059
1567,Cowandilla Children's Centre,21 Jenkins Street,Cowandilla,5033,-34.933968,138.560378
1569,Cummins Child Parent Centre,McFarlane Street,Cummins,5631,-34.263414,135.722383
1572,Elizabeth Park Child Parent Centre,15 Turner Road,Elizabeth Park,5113,-34.712953,138.684923
1573,Elizabeth Vale Preschool,Rollison Road,Elizabeth Vale,5112,-34.746434,138.669012
1576,Fairview Park Child Parent Centre,Nepondi Court,Fairview Park,5126,-34.797808,138.73227
1578,Flaxmill Preschool,80 Flaxmill Road,Morphett Vale,5162,-35.127425,138.519363
4613,Dernancourt Kindergarten,10 Vernons Drive,Highbury,5089,-34.857114,138.692637
4614,Ashton Kindergarten,181 Ridge Road,Horsnell Gully,5141,-34.944127,138.72607
4616,Fairview Park Kindergarten,7 Cotton Street,Fairview Park,5126,-34.802653,138.71862
4617,Clarence Park Community Kindergarten,5 Parker Terrace,Clarence Park,5034,-34.961949,138.580357
4618,Grove Kindergarten,12 Main Street,Eastwood,5063,-34.942974,138.621223
4619,Torrens Valley Children's Centre,John Fisher Avenue,Gumeracha,5233,-34.823745,138.885704
4620,Hackney Kindergarten,68 Richmond Street,College Park,5069,-34.907631,138.616988
4622,Highbury Preschool,46 Beckman Avenue,Highbury,5089,-34.848678,138.708684
4623,Holden Hill Kindergarten,80 Valiant Road,Holden Hill,5088,-34.854119,138.671428
4625,J B Cleland Kindergarten Inc,1A Gulfview Avenue,St Georges,5064,-34.949315,138.649573
4626,Kathleen Mellor Preschool Kgtn,51 Bowen Road,Tea Tree Gully,5091,-34.824979,138.726082
4627,Kensington Gardens Preschool,430 The Parade,Kensington Gardens,5068,-34.920279,138.664317
4629,Paradise Kindergarten,21A Lincoln Road,Paradise,5075,-34.870773,138.660497
4630,Lobethal Community Kindergarten,1 Reserve Avenue,Lobethal,5241,-34.906351,138.876915
4631,Keithcot Farm Children's Centre,5 Keithcot Farm Drive,Wynn Vale,5127,-34.80063,138.676921
4632,McKellar Stewart Kindergarten,17A Regent Place,Kensington,5068,-34.921492,138.644999
4634,Modbury Kindergarten,32 Jaycee Street,Modbury North,5092,-34.820872,138.683618
4635,Modbury North Kindergarten,12 Burragah Court,Modbury North,5092,-34.824731,138.673403
4637,Mount Barker Kindergarten Inc,2B Dumas Street,Mount Barker,5251,-35.067298,138.854752
4638,Mount Pleasant & District Kgtn,11 Saleyard Road,Mount Pleasant,5235,-34.775792,139.050687
4639,Cumberland Preschool Kgtn Inc,4 Tweed Street,Cumberland Park,5041,-34.977034,138.585113
4640,Eden Hills Kindergarten,4 Willunga St,Eden Hills,5050,-35.02603,138.601307
4641,Magill Kindergarten,26 Edward Street,Magill,5072,-34.909413,138.678209
4643,Newland Park Kindergarten,46 Lockwood Road,Erindale,5066,-34.931552,138.664454
4645,Oakbank Kindergarten,Main Street,Oakbank,5243,-34.984117,138.841187
4649,Rose Park Preschool,70A Hewitt Avenue,Rose Park,5067,-34.928884,138.630133
4650,Rostrevor Kindergarten,61 Maple Avenue,Rostrevor,5073,-34.894883,138.684961
4661,Stirling District Kindergarten,11 Avenue Road,Stirling,5152,-35.004376,138.714699
4663,Surrey Downs Kindergarten,78 Illyarrie Avenue,Surrey Downs,5126,-34.801572,138.710446
4664,Hawthorndene Kindergarten,1 Kindergarten Avenue,Hawthorndene,5051,-35.020415,138.635639
4665,Belair Jean Bonython Kindergarten,11 Arizona Terrace,Glenalta,5052,-35.00833,138.626868
4667,Stirling East Kindergarten,9 Snows Road,Stirling,5152,-35.007141,138.727982
4668,The John Francis Clark Memorial Kgtn,Saarinen Avenue,St Agnes,5097,-34.834335,138.70503
4670,Thorndon Park Kindergarten,13 Nestor Street,Athelstone,5076,-34.885281,138.696192
4672,Vale Park Pre-school,Cnr Ascot Ave & Tonkin St,Vale Park,5081,-34.885537,138.62555
4675,Willow Close Preschool Centre,Willow Close,Mount Barker,5251,-35.083773,138.867788
4676,Woodside Preschool Playcentre,12 Moffett Street,Woodside,5244,-34.952743,138.87732
4678,Meadows & Districts Kindergarten,49 Mawson Road,Meadows,5201,-35.180922,138.758032
4680,Wynn Vale Community House Kgtn,32 Park Lake Drive,Wynn Vale,5127,-34.800995,138.700407
4682,Mitcham Preschool Centre,150 Belair Road,Hawthorn,5062,-34.970154,138.608558
4683,Mitcham Village Kindergarten,35 Albert Street,Mitcham,5062,-34.978921,138.623066
4684,Netherby Kindergarten,Bruce Webb Crescent,Urrbrae,5064,-34.971582,138.636598
4686,Pasadena Kindergarten,39 Cash Grove,Pasadena,5042,-35.003235,138.588591
4687,St James' Park Kindergarten,19 Strathcona Avenue,Panorama,5041,-34.993323,138.601486
4689,The Lady George Kindergarten,27A Highgate Street,Highgate,5063,-34.961019,138.621531
4690,Margaret Lohmeyer Kindergarten,28 Crozier Avenue,Daw Park,5041,-34.986787,138.58921
4691,Unley Kindergarten,47 Oxford Terrace,Unley,5061,-34.950876,138.609299
4695,Golden Grove Kindergarten,Cnr Bicentennial & Botany Drives,Golden Grove,5125,-34.786838,138.70819
4696,Greenwith Kindergarten,2 Laburnum Drive,Greenwith,5125,-34.769424,138.720703
5308,Nuriootpa Community Children's Ctr,14 Park Avenue,Nuriootpa,5355,-34.47155,138.997679
5363,CaFE Enfield Children's Centre,17A Wilkins Street,Enfield,5085,-34.865673,138.604396
5380,Park's Children's Centre,Trafford Street,Angle Park,5010,-34.858364,138.557299
5422,Port Augusta Children's Ctr,Rupert Street,Port Augusta,5700,-32.491974,137.767809
5454,Carlton Preschool,Rupert Street,Port Augusta,5700,-32.48769,137.776631
5601,Adelaide Miethke Kindergarten,Cnr Oval & Cedar Avenues,Woodville South,5011,-34.884685,138.537334
5604,Barbara Kiker Memorial Kindergarten,14 Sydney Avenue,Kidman Park,5025,-34.908924,138.522255
5605,Barker Kindergarten,197 Tynte Street,North Adelaide,5006,-34.906876,138.593127
5613,Elizabeth O'Grady Kindergarten,6 Charles Sturt Avenue,Grange,5022,-34.906534,138.493056
5615,Fulham Park Preschool Kindergarten,28 Castlebar Road,Lockleys,5032,-34.921135,138.523935
5616,Glandore Community Kindergarten,37 St Georges Avenue,Glandore,5037,-34.960365,138.56431
5618,Torrensville Preschool Centre,93A Ashley Street,Torrensville,5031,-34.918993,138.556262
5620,Henley Community Kindergarten,8 White Street,Henley Beach,5022,-34.924389,138.499087
5621,Jean Horan Kindergarten,Ross Avenue,Flinders Park,5025,-34.90661,138.549037
5622,Kalaya Children's Centre,50 Webb Street,Queenstown,5014,-34.856228,138.507271
5625,Kangaroo Island CS Kingscote,50 Buller Street,Kingscote,5223,-35.649958,137.635304
5626,Kurralta Park Community Kindergarten,35 Barwell Avenue,Marleston,5033,-34.946429,138.567311
5628,Largs North Kindergarten,21 Kybunga Terrace,Largs North,5016,-34.816037,138.493106
5629,Le Fevre Kindergarten Inc,14 Hughes Street,Birkenhead,5015,-34.839009,138.495298
5630,Lockleys Preschool,21 Lipsett Terrace,Brooklyn Park,5032,-34.929544,138.549239
5631,Lucy Morice Kindergarten,80 Sussex Street,North Adelaide,5006,-34.906193,138.607026
5633,Marie Dunstan Kindergarten,21 Lipsett Terrace,Brooklyn Park,5032,-34.929544,138.549239
5635,Netley Kindergarten,Comet Avenue,Netley,5037,-34.954274,138.547046
5636,North Haven Kindergarten,Sir Ewen Waterman Avenue,North Haven,5018,-34.788674,138.495812
5639,Penneshaw Kindergarten,Howard Drive,Penneshaw,5222,-35.720105,137.932522
5640,Pennington Kindergarten,15A Northgate Street,Pennington,5013,-34.857334,138.532263
5652,West Beach Kindergarten,13 Winston Crescent,West Beach,5024,-34.937695,138.504954
5653,West Lakes Kgtn & Early Chld Ctr,294 Sportsmans Drive,West Lakes,5021,-34.894098,138.492429
5654,West Lakes Shore Kindergarten,Edwin Street,West Lakes Shore,5020,-34.863777,138.481839
5657,Woodville West Kindergarten,22A Lawton Crescent,Woodville West,5011,-34.885822,138.521321
5658,Ocean View College Children's Centre,Gedville Road,Taperoo,5017,-34.807698,138.502734
5659,Enfield Folland Park Kindergarten,31 Turnbull Road,Enfield,5085,-34.859041,138.60482
5660,Klemzig Kindergarten,35-37 Hender Avenue,Klemzig,5087,-34.873614,138.640766
5661,Prospect Kindergarten,352 Regency Road,Prospect,5082,-34.874026,138.586853
5662,St Helen's Park Kindergarten,Koonga Avenue,Prospect,5082,-34.89256,138.596401
5663,St Philip's Preschool Kindergarten,14 lona Street,Broadview,5083,-34.878996,138.613625
5665,Baden Pattinson Kindergarten,Cnr Alison St & Kibby Ave,Glenelg North,5045,-34.968513,138.522344
5667,Dover Kindergarten,37 Broadway,South Brighton,5048,-35.025119,138.529534
5668,Dunbar Terrace Kindergarten,38B Dunbar Terrace,Glenelg East,5045,-34.978819,138.529149
5669,Somerton Park Kindergarten,3 Grantham Road,Somerton Park,5044,-35.001779,138.520893
5670,Seacliff Community Kindergarten,47 Kauri Parade,Seacliff,5049,-35.034383,138.521783
5987,Taikurrendi Children and Family Cent,8 Price Street,Christies Beach,5165,-35.137434,138.480271
6501,Acacia Kindergarten,21 Wimmera Street,Mount Gambier,5290,-37.812051,140.774571
6502,Balharry Memorial Kindergarten,Centenary Avenue,Lucindale,5272,-36.970892,140.368646
6503,Barmera Kindergarten,Amy Street,Barmera,5345,-34.251996,140.469403
6505,Berri Community Preschool,1A Fiedler Street,Berri,5343,-34.281067,140.600482
6507,Carol Murray Children's Centre,1 Dinning Terrace,Bordertown,5268,-36.310996,140.765457
6508,Coomandook & Districts Kgtn,,Coomandook,5261,-35.475892,139.708504
6509,Coonalpyn Kindergarten,Coombe Terrace,Coonalpyn,5265,-35.698239,139.852879
6510,Akuna Kindergarten,10 Ramsay Avenue,Mount Gambier,5290,-37.832623,140.803774
6512,Geranium Kindergarten,1-3 Geranium Terrace,Geranium,5301,-35.379638,140.160105
6514,Gladigau Park Kindergarten,3 Gladigau Road,Mount Gambier,5290,-37.813365,140.795285
6515,Glencoe & District Kindergarten,135 Kirrup Road,Glencoe,5291,-37.669641,140.594383
6516,Kalangadoo Kindergarten,48B Kangaroo Flat Road,Kalangadoo,5278,-37.563049,140.702222
6519,Keith War Memorial Comm Ctr Kgtn,Anzac Terrace,Keith,5267,-36.098183,140.351118
6520,Kingston Kindergarten,32 Cameron Street,Kingston SE,5275,-36.828231,139.852885
6522,Lameroo and District Kindergarten,192 Bews Terrace,Lameroo,5302,-35.329945,140.523013
6523,Monash Kindergarten,Jackson Street,Monash,5342,-34.236418,140.559311
6524,Loxton Preschool Centre Inc,Anzac Crescent,Loxton,5333,-34.453475,140.57236
6525,McKay Children's Centre,7 Scott Street,Penola,5277,-37.37969,140.832933
6526,Michelle DeGaris Memorial Kgtn,10 Price Ave,Naracoorte,5271,-36.960995,140.749908
6527,McArthur Park Kindergarten,McRostie Street,Millicent,5280,-37.603203,140.363475
6528,Millicent North Kindergarten,18 Ridge Terrace,Millicent,5280,-37.608087,140.362849
6529,Loxton North Kindergarten,Balfour-Ogilvy Road,Loxton North,5333,-34.413133,140.624328
6534,Melaleuca Park Kindergarten,Boandik Terrace,Mount Gambier,5290,-37.843866,140.795366
6537,Naracoorte North Kindergarten,39 Park Terrace,Naracoorte,5271,-36.952015,140.736202
6539,Pinnaroo Kindergarten,6 Railway Terrace North,Pinnaroo,5304,-35.259482,140.90492
6540,Kirinari Kindergarten,Sewarts Road,Allendale East,5291,-38.00365,140.711262
6541,Renmark Children's Centre Inc,204 Eighteenth Street,Renmark,5341,-34.172765,140.743202
6543,Robe Soldiers Memorial Kindergarten,Victoria Street,Robe,5276,-37.164819,139.761604
6548,Waikerie Children's Centre Inc,16 Marks Terrace,Waikerie,5330,-34.176761,139.985018
6549,Murray Bridge Preschool Kindergarten,Mannum Road,Murray Bridge,5253,-35.118585,139.272547
6550,Mannum Kindergarten,Cnr Adelaide & Male Roads,Mannum,5238,-34.913452,139.302595
6551,Tinyeri Children's Centre,65 Jarvis Avenue,Murray Bridge,5253,-35.132254,139.282374
6552,Swan Reach and Area Kindergarten,Showground Road,Swan Reach,5354,-34.570692,139.598757
6553,Meningie Preschool,29 Edward Street,Meningie,5264,-35.688929,139.34151
6554,Tailem Bend Kindergarten,49 Trevena Road,Tailem Bend,5260,-35.252383,139.456733
6558,Morgan Kindergarten,Fourth Street,Morgan,5320,-34.030985,139.669871
6559,Renmark West Preschool,Tarcoola Street,Renmark,5341,-34.166177,140.710202
6560,Callington Kindergarten,North Terrace,Callington,5254,-35.114694,139.039588
6561,Rendelsham Preschool,Nilsson Street,Rendelsham,5280,-37.551242,140.225056
6603,Ardrossan & Districts Comm Kgtn,1 West Terrace,Ardrossan,5571,-34.421705,137.916136
6604,Bute and District Kindergarten,4 Third Street,Bute,5560,-33.865178,138.003954
6605,Augusta Park Childhood Servs Ctr,2 Bailey Street,Port Augusta,5700,-32.493659,137.782859
6607,Bishop Kindergarten,5 Willison Street,Port Lincoln,5606,-34.716839,135.845905
6608,Booleroo Centre & District Kgtn,1 North Road,Booleroo Centre,5482,-32.878266,138.348042
6609,Kadina Preschool Centre,29 Hallett Street,Kadina,5554,-33.959666,137.711007
6612,Maitland Children's Centre,15 Kilkerran Terrace,Maitland,5573,-34.374402,137.677024
6613,Crystal Brook Kindergarten,Mais Terrace,Crystal Brook,5523,-33.352334,138.213533
6615,Ellendale Kindergarten,First Street,Port Pirie,5540,-33.181862,138.002545
6616,Elliston RSL Memorial CC,30 Memorial Drive,Elliston,5670,-33.648127,134.889274
6617,Flinders Children's Centre,122 Tassie Street,Port Augusta,5700,-32.482907,137.775112
6620,Gladstone Kindergarten,James Street,Gladstone,5473,-33.268649,138.359475
6622,Hawker Childhood Services Centre,67 Chase View Terrace,Hawker,5434,-31.885721,138.423903
6624,Jamestown Community Children's Ctr,Irvine Street,Jamestown,5491,-33.208703,138.605041
6625,Moonta Kindergarten,Blanche Terrace,Moonta,5558,-34.071329,137.590995
6626,Kimba Community Kindergarten,30-32 Park Terrace,Kimba,5641,-33.138822,136.417408
6627,Kirton Point Children's Centre,63 Stevenson Street,Port Lincoln,5606,-34.731447,135.867515
6628,Whyalla Stuart Early Chlhd Ctr Kgtn,24 Ramsay Street,Whyalla Stuart,5608,-33.027259,137.523718
6629,Port Wakefield Kindergarten,Thomas Crescent,Port Wakefield,5550,-34.187364,138.149243
6630,Lake Wangary Preschool Centre,150 Main Street,Wangary,5607,-34.549627,135.479167
6631,Laura Preschool Centre,6 Booyoolie Street,Laura,5480,-33.187208,138.303414
6632,Leigh Creek Kindergarten,Blackoak Drive,Leigh Creek,5731,-30.593006,138.401735
6633,Lock Early Learning Centre,West Terrace,Lock,5633,-33.566136,135.757148
6636,McRitchie Crescent Chn Servs Ctr,55 McRitchie Crescent,Whyalla Stuart,5608,-33.022697,137.527249
6640,Wallaroo Preschool Centre,11 Elizabeth Street,Wallaroo,5556,-33.930333,137.628756
6641,Ceduna Preschool Centre Inc,2 Kelly Street,Ceduna,5690,-32.138886,133.669533
6642,Gabmididi Manoo Childrn & Family Ctr,Cnr Clutterbuck St & Hincks Ave,Whyalla Norrie,5608,-33.026448,137.542801
6644,Neta Kranz Children's Centre,55 Wood Terrace,Whyalla,5600,-33.038323,137.573962
6645,Norrie Stuart Children's Servs Ctr,4 Dowd Street,Whyalla Norrie,5608,-33.038562,137.530997
6646,Roxby Downs Kindergarten,Richardson Place,Roxby Downs,5725,-30.56107,136.896683
6647,Yorketown Community Children's Ctr,19 Waterloo Road,Yorketown,5576,-35.021263,137.604981
6648,Orroroo Kindergarten,West Terrace,Orroroo,5431,-32.728529,138.613402
6649,Peterborough Community Preschool,76-80 Victoria Street,Peterborough,5422,-32.972237,138.845542
6651,Port Augusta West CSC,1A Stokes Terrace,Port Augusta West,5700,-32.48113,137.753235
6652,Balaklava Community Chn Ctr,15 Scotland Street,Balaklava,5461,-34.147754,138.413724
6653,Port Broughton Kindergarten,Cnr South Tce & Kadina Rd,Port Broughton,5522,-33.603283,137.931338
6655,Cranston Street Kindergarten,15 Cranston Street,Port Lincoln,5606,-34.725324,135.855379
6658,Brinkworth Preschool Centre,Belling Street,Brinkworth,5464,-33.687185,138.404018
6659,Port Pirie Community Kindergarten,5 Halliday Street,Port Pirie,5540,-33.196203,138.002785
6660,Quorn Kindergarten,3 Second Street,Quorn,5433,-32.348219,138.043127
6661,Burra Early Learning Centre,8 Bridge Terrace,Burra,5417,-33.678693,138.93797
6662,Risdon Park South Kindergarten,10 Hannan Street,Port Pirie,5540,-33.20702,137.996226
6663,Cowell Early Childhood Centre,42 Story Street,Cowell,5602,-33.686763,136.919259
6664,Cleve District Children's Centre,East Terrace,Cleve,5640,-33.699285,136.494513
6665,Clare Valley Children's Centre,Inchiquin Road,Clare,5453,-33.838952,138.616299
6666,Solomontown Kindergarten,1 Prince Street,Port Pirie,5540,-33.188269,138.018776
6667,Stirling North Childhd Services Ctr,Quorn Road,Stirling North,5710,-32.517335,137.839045
6668,Streaky Bay Children's Centre,Montgomerie Terrace,Streaky Bay,5680,-32.797928,134.213392
6669,Riverton Kindergarten,5 Gilbert Street,Riverton,5412,-34.158512,138.746487
6670,Tumby Bay Kindergarten,West Terrace,Tumby Bay,5605,-34.371543,136.100516
6672,Saddleworth Early Learning Centre,7 Saddle Road,Saddleworth,5413,-34.088257,138.786444
6674,Willsden Childhood Services Centre,41 View Street,Port Augusta,5700,-32.508361,137.781485
6675,Wilmington Kindergarten,30 Main North Road,Wilmington,5485,-32.650636,138.099098
6676,Win Newby Kindergarten,Ring Street,Whyalla Norrie,5608,-33.033601,137.545788
6678,Miltaburra Children's Centre,3493 Miltaburra Road,Wirrulla,5661,-32.375617,134.33113
6679,Woomera Child Parent Centre,Dewrang Avenue,Woomera,5720,-31.195174,136.826289
6680,Wudinna RSL Memorial Kindergarten,Oswald Street,Wudinna,5652,-33.043444,135.462099
6684,Snowtown Kindergarten,19 Glen Davidson Drive,Snowtown,5520,-33.783758,138.220017
6686,Poonindie Early Childhood Centre,Hirschausen Road,Poonindie,5607,-34.580807,135.881095
6692,Minya Bunhii Child Care & Kgtn,1 Kelly Street,Ceduna,5690,-32.139206,133.669233
6755,Karcultaby Preschool,,Karcultaby,5654,-32.760961,134.966643
6875,Hampstead Preschool,38-56 Muller Road,Greenacres,5086,-34.870813,138.625981
7080,Auslan Early Learning Program,2 Hay Street,Klemzig,5087,-34.877176,138.637665
